Тарас,Аутсорикс,87776566665,Я все сломал
Тарас,Ауутсорикс,87776566665,📋 Оставить заявку
Тарас,Аутсорикс,87776566665,Не работает
Тарас,Аутсорикс,87776566665,Не работает
Тарас,Аутсорикс,87776566665,Не работает
Тарас,Аутсорикс,87776566665,Не работате
Валера,Бубльгум,87776666666,Я все сделяль
Тарас,Аутсорикс,87776566665,Все сломалось
Тарас,аутсорикс,87776566665,Дб ебаная корректно не работает
Тарас,аутсорикс,87776566665,Тест
Тарас,аутсорикс,87776566665,Тест
Тарас,аутсорикс,87776566665,Тест
Тарас,аутсорикс,87776566665,Тест
Тарас,аутсорикс,87776566665,Тест
Тарас Клышин,аутсорикс,87776566665,Тест
Тарс,аутсорикс,87776566665,Тест
